"","BUYER_COUNTY","year","countypillcount","countyfips","COUNTY","population","pillsperperson"
"1","ADAIR",2006,694990,"21001",1,18335,37.9050995364058
"2","ADAIR",2007,691730,"21001",1,18493,37.4049640404477
"3","ADAIR",2008,822920,"21001",1,18541,44.3837980691441
"4","ADAIR",2009,897770,"21001",1,17872,50.2333258728738
"5","ADAIR",2010,1033160,"21001",1,18542,55.7199870564125
"6","ADAIR",2011,1212510,"21001",1,18613,65.1431794982002
"7","ADAIR",2012,1189460,"21001",1,18651,63.7745965363787
"8","ADAIR",2013,1152870,"21001",1,18696,61.6639922978177
"9","ADAIR",2014,1087090,"21001",1,19032,57.1190626313577
"10","ALLEN",2006,907500,"21003",3,19272,47.0890410958904
"11","ALLEN",2007,1197400,"21003",3,19540,61.2794268167861
"12","ALLEN",2008,1380430,"21003",3,19838,69.5851396310112
"13","ALLEN",2009,1472600,"21003",3,18799,78.3339539337199
"14","ALLEN",2010,1394630,"21003",3,19688,70.8365501828525
"15","ALLEN",2011,1580200,"21003",3,19866,79.5429376824726
"16","ALLEN",2012,1537890,"21003",3,20007,76.8675963412805
"17","ALLEN",2013,1327190,"21003",3,20123,65.9538836157631
"18","ALLEN",2014,1188000,"21003",3,20219,58.7566150650378
"19","ANDERSON",2006,798600,"21005",5,20519,38.9200253423656
"20","ANDERSON",2007,1018190,"21005",5,20999,48.4875470260489
"21","ANDERSON",2008,1154290,"21005",5,21088,54.7368171471927
"22","ANDERSON",2009,1180110,"21005",5,21122,55.8711296278762
"23","ANDERSON",2010,1194110,"21005",5,21080,56.6465844402277
"24","ANDERSON",2011,1393180,"21005",5,21308,65.382954758776
"25","ANDERSON",2012,1443630,"21005",5,21442,67.3272082828094
"26","ANDERSON",2013,1247190,"21005",5,21575,57.8071842410197
"27","ANDERSON",2014,1139210,"21005",5,21664,52.5853951255539
"28","BALLARD",2006,177980,"21007",7,8204,21.6942954656265
"29","BALLARD",2007,208860,"21007",7,8190,25.5018315018315
"30","BALLARD",2008,270640,"21007",7,8265,32.7453115547489
"31","BALLARD",2009,377200,"21007",7,8181,46.1068329055128
"32","BALLARD",2010,462770,"21007",7,8225,56.263829787234
"33","BALLARD",2011,497700,"21007",7,8235,60.4371584699454
"34","BALLARD",2012,477660,"21007",7,8268,57.7721335268505
"35","BALLARD",2013,459510,"21007",7,8282,55.482975126781
"36","BALLARD",2014,456900,"21007",7,8274,55.221174764322
"37","BARREN",2006,1935650,"21009",9,40857,47.376214602149
"38","BARREN",2007,2414840,"21009",9,41435,58.2801979003258
"39","BARREN",2008,2714020,"21009",9,41797,64.9333684235711
"40","BARREN",2009,3067070,"21009",9,40953,74.8924376724538
"41","BARREN",2010,3515260,"21009",9,41685,84.3291351805206
"42","BARREN",2011,4048156,"21009",9,41961,96.4742498987155
"43","BARREN",2012,4041130,"21009",9,42229,95.6956120201757
"44","BARREN",2013,3832330,"21009",9,42504,90.1639845661585
"45","BARREN",2014,3690940,"21009",9,42691,86.4570986859057
"46","BATH",2006,265610,"21011",11,11558,22.9806194843399
"47","BATH",2007,300690,"21011",11,11470,26.2153443766347
"48","BATH",2008,346500,"21011",11,11647,29.7501502532841
"49","BATH",2009,324000,"21011",11,11597,27.9382598948004
"50","BATH",2010,389890,"21011",11,11565,33.7129269347168
"51","BATH",2011,387100,"21011",11,11605,33.356311934511
"52","BATH",2012,408900,"21011",11,11665,35.0535790827261
"53","BATH",2013,374100,"21011",11,11732,31.8871462666212
"54","BATH",2014,371960,"21011",11,11870,31.3361415332772
"55","BELL",2006,3854060,"21013",13,28960,133.082182320442
"56","BELL",2007,4302690,"21013",13,28794,149.430089602
"57","BELL",2008,4500450,"21013",13,28836,156.070536828964
"58","BELL",2009,4597380,"21013",13,29093,158.023579555219
"59","BELL",2010,4705650,"21013",13,28793,163.430347653944
"60","BELL",2011,4859500,"21013",13,28744,169.061369329251
"61","BELL",2012,4631640,"21013",13,28613,161.871876419809
"62","BELL",2013,4039110,"21013",13,28409,142.177126966806
"63","BELL",2014,4002790,"21013",13,28234,141.771977048948
"64","BOONE",2006,5478460,"21015",15,109295,50.1254403220641
"65","BOONE",2007,6486120,"21015",15,112308,57.7529650603697
"66","BOONE",2008,7076910,"21015",15,115262,61.3984661033125
"67","BOONE",2009,7470400,"21015",15,112514,66.3952930302007
"68","BOONE",2010,8178180,"21015",15,114723,71.2863157344212
"69","BOONE",2011,8647810,"21015",15,117216,73.7767028392028
"70","BOONE",2012,8139070,"21015",15,119406,68.1629901344991
"71","BOONE",2013,6859150,"21015",15,121214,56.5871103997888
"72","BOONE",2014,6856910,"21015",15,123030,55.7336422010892
"73","BOURBON",2006,733690,"21017",17,19809,37.0382149527992
"74","BOURBON",2007,853970,"21017",17,19891,42.9324820270474
"75","BOURBON",2008,945000,"21017",17,20046,47.1415743789285
"76","BOURBON",2009,1002330,"21017",17,19668,50.9624771201952
"77","BOURBON",2010,1089010,"21017",17,19947,54.595177219632
"78","BOURBON",2011,1302170,"21017",17,19987,65.1508480512333
"79","BOURBON",2012,1091520,"21017",17,20004,54.5650869826035
"80","BOURBON",2013,872780,"21017",17,19999,43.641182059103
"81","BOURBON",2014,938810,"21017",17,19972,47.0063088323653
"82","BOYD",2006,4825800,"21019",19,49312,97.8625892277742
"83","BOYD",2007,4705520,"21019",19,49154,95.73015420922
"84","BOYD",2008,5743190,"21019",19,49244,116.627203314109
"85","BOYD",2009,6016860,"21019",19,48669,123.628182210442
"86","BOYD",2010,5667140,"21019",19,49330,114.882221771741
"87","BOYD",2011,5232700,"21019",19,49368,105.99376114082
"88","BOYD",2012,4614890,"21019",19,49358,93.4983184083634
"89","BOYD",2013,4269280,"21019",19,49314,86.5733868678266
"90","BOYD",2014,4086380,"21019",19,49242,82.9856626457089
"91","BOYLE",2006,1525580,"21021",21,28031,54.4247440333916
"92","BOYLE",2007,1850440,"21021",21,28112,65.8238474672738
"93","BOYLE",2008,2023220,"21021",21,28288,71.5222002262443
"94","BOYLE",2009,2317760,"21021",21,28914,80.1604758940306
"95","BOYLE",2010,2540440,"21021",21,28245,89.9429987608426
"96","BOYLE",2011,3039250,"21021",21,28345,107.223496207444
"97","BOYLE",2012,2903300,"21021",21,28445,102.067147126033
"98","BOYLE",2013,2489000,"21021",21,28701,86.7217170133445
"99","BOYLE",2014,2472790,"21021",21,29150,84.829845626072
"100","BRACKEN",2006,241830,"21023",23,8484,28.504243281471
"101","BRACKEN",2007,206630,"21023",23,8468,24.4012753897024
"102","BRACKEN",2008,149830,"21023",23,8471,17.6874040845237
"103","BRACKEN",2009,129100,"21023",23,8618,14.9802738454398
"104","BRACKEN",2010,152000,"21023",23,8479,17.9266422927232
"105","BRACKEN",2011,173220,"21023",23,8486,20.4124440254537
"106","BRACKEN",2012,148230,"21023",23,8488,17.4634778510839
"107","BRACKEN",2013,135630,"21023",23,8472,16.0092067988669
"108","BRACKEN",2014,138700,"21023",23,8459,16.3967372029791
"109","BREATHITT",2006,1194020,"21025",25,14549,82.0688707127638
"110","BREATHITT",2007,1265250,"21025",25,14327,88.3122775179731
"111","BREATHITT",2008,1364900,"21025",25,14249,95.789178187943
"112","BREATHITT",2009,1533560,"21025",25,15641,98.0474394220318
"113","BREATHITT",2010,1609740,"21025",25,14202,113.346007604563
"114","BREATHITT",2011,1823000,"21025",25,14062,129.640164983644
"115","BREATHITT",2012,1991980,"21025",25,13922,143.081453814107
"116","BREATHITT",2013,1568500,"21025",25,13776,113.857433217189
"117","BREATHITT",2014,1529770,"21025",25,13663,111.96442948108
"118","BRECKINRIDGE",2006,632610,"21027",27,19590,32.2924961715161
"119","BRECKINRIDGE",2007,724350,"21027",27,19819,36.5482617690095
"120","BRECKINRIDGE",2008,844480,"21027",27,20018,42.1860325706864
"121","BRECKINRIDGE",2009,952230,"21027",27,19057,49.9674660229837
"122","BRECKINRIDGE",2010,1028720,"21027",27,19893,51.7126627456894
"123","BRECKINRIDGE",2011,1142950,"21027",27,20029,57.0647561036497
"124","BRECKINRIDGE",2012,1116765.2,"21027",27,20068,55.6490532190552
"125","BRECKINRIDGE",2013,1048820,"21027",27,20059,52.2867540754773
"126","BRECKINRIDGE",2014,1045901,"21027",27,20076,52.097081091851
"127","BULLITT",2006,1853450,"21029",29,70042,26.4619799548842
"128","BULLITT",2007,2387720,"21029",29,71577,33.35876049569
"129","BULLITT",2008,2805300,"21029",29,72738,38.5671863400148
"130","BULLITT",2009,3140800,"21029",29,73528,42.7157001414427
"131","BULLITT",2010,3351720,"21029",29,72515,46.2210577121975
"132","BULLITT",2011,3617320,"21029",29,73529,49.195827496634
"133","BULLITT",2012,3586600,"21029",29,74431,48.1869113675753
"134","BULLITT",2013,3301260,"21029",29,75250,43.8705647840532
"135","BULLITT",2014,3272090,"21029",29,76093,43.001195905011
"136","BUTLER",2006,671100,"21031",31,12925,51.9226305609284
"137","BUTLER",2007,797360,"21031",31,12759,62.4939258562583
"138","BUTLER",2008,960800,"21031",31,12745,75.3864260494312
"139","BUTLER",2009,1161500,"21031",31,13337,87.0885506485716
"140","BUTLER",2010,1210730,"21031",31,12763,94.8624931442451
"141","BUTLER",2011,1343300,"21031",31,12746,105.389926251373
"142","BUTLER",2012,1385260,"21031",31,12748,108.664888609978
"143","BUTLER",2013,933690,"21031",31,12746,73.2535697473717
"144","BUTLER",2014,782660,"21031",31,12797,61.1596467922169
"145","CALDWELL",2006,960800,"21033",33,12828,74.8986591830371
"146","CALDWELL",2007,930700,"21033",33,12882,72.2480981214097
"147","CALDWELL",2008,1054220,"21033",33,12985,81.1875240662303
"148","CALDWELL",2009,1175850,"21033",33,12822,91.7056621431914
"149","CALDWELL",2010,1204830,"21033",33,12934,93.1521571053039
"150","CALDWELL",2011,1325050,"21033",33,12962,102.225736769017
"151","CALDWELL",2012,1322390,"21033",33,12977,101.902596902212
"152","CALDWELL",2013,1063700,"21033",33,12946,82.1643750965549
"153","CALDWELL",2014,1021560,"21033",33,12880,79.3136645962733
"154","CALLOWAY",2006,1617920,"21035",35,36375,44.4789003436426
"155","CALLOWAY",2007,1705470,"21035",35,36585,46.6166461664617
"156","CALLOWAY",2008,1892040,"21035",35,36686,51.573897399553
"157","CALLOWAY",2009,2126600,"21035",35,36036,59.013209013209
"158","CALLOWAY",2010,2287160,"21035",35,36763,62.2136387128363
"159","CALLOWAY",2011,2536700,"21035",35,36999,68.5613124679045
"160","CALLOWAY",2012,2452620,"21035",35,37198,65.9341900102156
"161","CALLOWAY",2013,2271820,"21035",35,37383,60.7714736644999
"162","CALLOWAY",2014,2237900,"21035",35,37981,58.921566046181
"163","CAMPBELL",2006,3614200,"21037",37,88036,41.0536598664183
"164","CAMPBELL",2007,4172590,"21037",37,88302,47.2536295893638
"165","CAMPBELL",2008,4647580,"21037",37,88548,52.4865609612865
"166","CAMPBELL",2009,5020620,"21037",37,87509,57.3726131026523
"167","CAMPBELL",2010,5472870,"21037",37,89016,61.4818684281477
"168","CAMPBELL",2011,5808510,"21037",37,89598,64.8285676019554
"169","CAMPBELL",2012,5481290,"21037",37,90119,60.8228009631709
"170","CAMPBELL",2013,4569910,"21037",37,90606,50.4371675165
"171","CAMPBELL",2014,4502850,"21037",37,91268,49.3365692247009
"172","CARLISLE",2006,104130,"21039",39,5212,19.97889485802
"173","CARLISLE",2007,140200,"21039",39,5109,27.4417694265023
"174","CARLISLE",2008,181300,"21039",39,5093,35.5978794423719
"175","CARLISLE",2009,215200,"21039",39,5205,41.3448607108549
"176","CARLISLE",2010,261900,"21039",39,5126,51.0924697619977
"177","CARLISLE",2011,286900,"21039",39,5094,56.3211621515508
"178","CARLISLE",2012,284900,"21039",39,5081,56.0716394410549
"179","CARLISLE",2013,238000,"21039",39,5064,46.998420221169
"180","CARLISLE",2014,239310,"21039",39,5031,47.567084078712
"181","CARROLL",2006,455000,"21041",41,10528,43.218085106383
"182","CARROLL",2007,670830,"21041",41,10595,63.3157149598867
"183","CARROLL",2008,764600,"21041",41,10744,71.1653015636634
"184","CARROLL",2009,831500,"21041",41,10536,78.919893697798
"185","CARROLL",2010,900690,"21041",41,10703,84.1530412034009
"186","CARROLL",2011,1075070,"21041",41,10801,99.5343023794093
"187","CARROLL",2012,1041140,"21041",41,10851,95.9487604829048
"188","CARROLL",2013,1006820,"21041",41,10902,92.3518620436617
"189","CARROLL",2014,1206320,"21041",41,10871,110.966792383405
"190","CARTER",2006,1383300,"21043",43,27921,49.5433544643817
"191","CARTER",2007,1193990,"21043",43,27971,42.686711236638
"192","CARTER",2008,1073040,"21043",43,27752,38.6653214182762
"193","CARTER",2009,1246900,"21043",43,27160,45.9094256259205
"194","CARTER",2010,1797700,"21043",43,27821,64.6166564825132
"195","CARTER",2011,1594950,"21043",43,27760,57.4549711815562
"196","CARTER",2012,1342480,"21043",43,27594,48.6511560484163
"197","CARTER",2013,1277050,"21043",43,27493,46.4500054559342
"198","CARTER",2014,1211220,"21043",43,27439,44.1422792375815
"199","CASEY",2006,297600,"21045",45,15900,18.7169811320755
"200","CASEY",2007,390300,"21045",45,15908,24.5348252451597
"201","CASEY",2008,417070,"21045",45,15970,26.1158422041328
"202","CASEY",2009,503590,"21045",45,16306,30.8837237826567
"203","CASEY",2010,725370,"21045",45,15939,45.5091285526068
"204","CASEY",2011,837090,"21045",45,15939,52.5183512140034
"205","CASEY",2012,818520,"21045",45,15984,51.2087087087087
"206","CASEY",2013,873740,"21045",45,16006,54.5882793952268
"207","CASEY",2014,946350,"21045",45,16002,59.1394825646794
"208","CHRISTIAN",2006,2321550,"21047",47,70592,32.8868710335449
"209","CHRISTIAN",2007,2641950,"21047",47,73128,36.1277486051854
"210","CHRISTIAN",2008,2991810,"21047",47,72034,41.5333037176889
"211","CHRISTIAN",2009,3118610,"21047",47,79626,39.1657247632683
"212","CHRISTIAN",2010,3199500,"21047",47,72678,44.0229505489969
"213","CHRISTIAN",2011,3440270,"21047",47,73266,46.9558867687604
"214","CHRISTIAN",2012,3641440,"21047",47,73722,49.3942106833781
"215","CHRISTIAN",2013,3224210,"21047",47,74169,43.4711267510685
"216","CHRISTIAN",2014,3000710,"21047",47,74459,40.3001651915819
"217","CLARK",2006,1831390,"21049",49,34823,52.5913907474945
"218","CLARK",2007,2323600,"21049",49,35207,65.9982389865652
"219","CLARK",2008,2582390,"21049",49,35256,73.2468232357613
"220","CLARK",2009,2671130,"21049",49,35481,75.2833911107353
"221","CLARK",2010,2833660,"21049",49,35305,80.2622857952131
"222","CLARK",2011,3057350,"21049",49,35446,86.2537380804604
"223","CLARK",2012,2572450,"21049",49,35555,72.3512867388553
"224","CLARK",2013,2208720,"21049",49,35608,62.0287575825657
"225","CLARK",2014,2124320,"21049",49,35633,59.6166474896865
"226","CLAY",2006,2411820,"21051",51,22718,106.163394665023
"227","CLAY",2007,2565660,"21051",51,22332,114.887157442235
"228","CLAY",2008,2816670,"21051",51,22289,126.370406927184
"229","CLAY",2009,2906630,"21051",51,23792,122.168375924681
"230","CLAY",2010,3505590,"21051",51,22197,157.930801459657
"231","CLAY",2011,3656770,"21051",51,22001,166.209263215308
"232","CLAY",2012,3140590,"21051",51,21833,143.846012916228
"233","CLAY",2013,2739710,"21051",51,21633,126.644940600009
"234","CLAY",2014,2996540,"21051",51,21446,139.724890422456
"235","CLINTON",2006,1225310,"21053",53,9942,123.24582578958
"236","CLINTON",2007,1278000,"21053",53,10120,126.284584980237
"237","CLINTON",2008,1500450,"21053",53,10253,146.342533892519
"238","CLINTON",2009,1539060,"21053",53,9443,162.984221116171
"239","CLINTON",2010,1487630,"21053",53,10161,146.405865564413
"240","CLINTON",2011,1600900,"21053",53,10215,156.720509055311
"241","CLINTON",2012,1676930,"21053",53,10244,163.698750488091
"242","CLINTON",2013,1682240,"21053",53,10210,164.763956904995
"243","CLINTON",2014,1499420,"21053",53,10192,147.117346938776
"244","CRITTENDEN",2006,1085200,"21055",55,9264,117.141623488774
"245","CRITTENDEN",2007,1056000,"21055",55,9278,113.817633110584
"246","CRITTENDEN",2008,1149400,"21055",55,9408,122.172619047619
"247","CRITTENDEN",2009,1091100,"21055",55,9108,119.795783926219
"248","CRITTENDEN",2010,988800,"21055",55,9313,106.174165145496
"249","CRITTENDEN",2011,1146200,"21055",55,9331,122.837852320223
"250","CRITTENDEN",2012,1222100,"21055",55,9321,131.112541572793
"251","CRITTENDEN",2013,1146100,"21055",55,9283,123.462242809437
"252","CRITTENDEN",2014,1218280,"21055",55,9254,131.649016641452
"253","CUMBERLAND",2006,478730,"21057",57,7073,67.6841509967482
"254","CUMBERLAND",2007,460720,"21057",57,6959,66.2049144992097
"255","CUMBERLAND",2008,521650,"21057",57,6917,75.4156426196328
"256","CUMBERLAND",2009,537950,"21057",57,6832,78.7397540983606
"257","CUMBERLAND",2010,638120,"21057",57,6931,92.0675227239936
"258","CUMBERLAND",2011,714990,"21057",57,6884,103.86257989541
"259","CUMBERLAND",2012,758210,"21057",57,6857,110.574595304069
"260","CUMBERLAND",2013,841200,"21057",57,6842,122.946506869336
"261","CUMBERLAND",2014,873280,"21057",57,6829,127.878166642261
"262","DAVIESS",2006,3749120,"21059",59,93908,39.9233292158283
"263","DAVIESS",2007,4438320,"21059",59,94647,46.893403911376
"264","DAVIESS",2008,4872740,"21059",59,95411,51.0710505078031
"265","DAVIESS",2009,5508000,"21059",59,93975,58.6113328012769
"266","DAVIESS",2010,6017705,"21059",59,95398,63.079991194784
"267","DAVIESS",2011,6877410,"21059",59,96062,71.5934500635007
"268","DAVIESS",2012,6642940,"21059",59,96711,68.6885669675631
"269","DAVIESS",2013,6356200,"21059",59,97230,65.3728273166718
"270","DAVIESS",2014,6619580,"21059",59,97631,67.8020300929008
"271","EDMONSON",2006,342730,"21061",61,11957,28.6635443673162
"272","EDMONSON",2007,318130,"21061",61,12055,26.3898797179594
"273","EDMONSON",2008,314590,"21061",61,12127,25.9412880349633
"274","EDMONSON",2009,385300,"21061",61,11941,32.2669793149652
"275","EDMONSON",2010,425320,"21061",61,12086,35.1911302333278
"276","EDMONSON",2011,578600,"21061",61,12110,47.7786952931462
"277","EDMONSON",2012,630430,"21061",61,12141,51.9257062844906
"278","EDMONSON",2013,568530,"21061",61,12148,46.8002963450774
"279","EDMONSON",2014,585300,"21061",61,12137,48.2244376699349
"280","ELLIOTT",2006,190100,"21063",63,7151,26.5836945881695
"281","ELLIOTT",2007,179500,"21063",63,7134,25.161199887861
"282","ELLIOTT",2008,216540,"21063",63,7556,28.6580201164637
"283","ELLIOTT",2009,318900,"21063",63,8291,38.463394041732
"284","ELLIOTT",2010,409700,"21063",63,7493,54.6776991859068
"285","ELLIOTT",2011,324500,"21063",63,7594,42.7311035027653
"286","ELLIOTT",2012,256000,"21063",63,7774,32.9302804219192
"287","ELLIOTT",2013,243400,"21063",63,7784,31.2692702980473
"288","ELLIOTT",2014,221640,"21063",63,7781,28.4847705950392
"289","ESTILL",2006,477380,"21065",65,14786,32.2859461652915
"290","ESTILL",2007,608200,"21065",65,14778,41.1557720936527
"291","ESTILL",2008,684520,"21065",65,14752,46.4018438177874
"292","ESTILL",2009,809700,"21065",65,14880,54.4153225806452
"293","ESTILL",2010,982627,"21065",65,14733,66.6956492228331
"294","ESTILL",2011,1490970,"21065",65,14711,101.350689959894
"295","ESTILL",2012,1444720,"21065",65,14647,98.6358981361371
"296","ESTILL",2013,1416550,"21065",65,14601,97.0173275803027
"297","ESTILL",2014,1414730,"21065",65,14547,97.252354437341
"298","FAYETTE",2006,9334680,"21067",67,279971,33.3415960938812
"299","FAYETTE",2007,10774220,"21067",67,283291,38.0323413027594
"300","FAYETTE",2008,11473640,"21067",67,287683,39.8829266936176
"301","FAYETTE",2009,11449710,"21067",67,287537,39.8199536059707
"302","FAYETTE",2010,12014520,"21067",67,288045,41.7105660573869
"303","FAYETTE",2011,13339094,"21067",67,292370,45.6240175120566
"304","FAYETTE",2012,12247670,"21067",67,296766,41.2704622497186
"305","FAYETTE",2013,10678470,"21067",67,300843,35.4951586043219
"306","FAYETTE",2014,10630260,"21067",67,304473,34.9136376624528
"307","FLEMING",2006,490200,"21069",69,14235,34.436248682824
"308","FLEMING",2007,537480,"21069",69,14349,37.4576625548819
"309","FLEMING",2008,625800,"21069",69,14345,43.6249564308121
"310","FLEMING",2009,655330,"21069",69,14604,44.8733223774308
"311","FLEMING",2010,732900,"21069",69,14318,51.1873166643386
"312","FLEMING",2011,861400,"21069",69,14376,59.9193099610462
"313","FLEMING",2012,814100,"21069",69,14415,56.4758931668401
"314","FLEMING",2013,707940,"21069",69,14435,49.0432975406997
"315","FLEMING",2014,638060,"21069",69,14505,43.9889693209238
"316","FLOYD",2006,3674930,"21071",71,40429,90.8983650349996
"317","FLOYD",2007,4304510,"21071",71,40261,106.91512878468
"318","FLOYD",2008,5371710,"21071",71,39964,134.413722350115
"319","FLOYD",2009,6823790,"21071",71,41965,162.606696056237
"320","FLOYD",2010,8743140,"21071",71,39949,218.857543367794
"321","FLOYD",2011,9794810,"21071",71,39701,246.714440442306
"322","FLOYD",2012,8563650,"21071",71,39454,217.054037613423
"323","FLOYD",2013,6019270,"21071",71,39448,152.587456905293
"324","FLOYD",2014,5328770,"21071",71,39087,136.331005193543
"325","FRANKLIN",2006,1652910,"21073",73,48699,33.9413540319103
"326","FRANKLIN",2007,1991960,"21073",73,48795,40.8230351470438
"327","FRANKLIN",2008,2140460,"21073",73,49301,43.416157887264
"328","FRANKLIN",2009,2325480,"21073",73,48666,47.7844901984959
"329","FRANKLIN",2010,2615030,"21073",73,49067,53.295086310555
"330","FRANKLIN",2011,2893870,"21073",73,49205,58.8125190529418
"331","FRANKLIN",2012,2813010,"21073",73,49399,56.9446749934209
"332","FRANKLIN",2013,2598580,"21073",73,49390,52.6134845110346
"333","FRANKLIN",2014,2472760,"21073",73,49509,49.9456664444848
"334","FULTON",2006,561800,"21075",75,6871,81.7639353805851
"335","FULTON",2007,647000,"21075",75,6861,94.3011222853811
"336","FULTON",2008,701100,"21075",75,6945,100.950323974082
"337","FULTON",2009,688600,"21075",75,6918,99.5374385660595
"338","FULTON",2010,705900,"21075",75,6858,102.930883639545
"339","FULTON",2011,760480,"21075",75,6836,111.246342890579
"340","FULTON",2012,729390,"21075",75,6758,107.929860905593
"341","FULTON",2013,610800,"21075",75,6650,91.8496240601504
"342","FULTON",2014,592630,"21075",75,6550,90.4778625954199
"343","GALLATIN",2006,211330,"21077",77,8253,25.6064461407973
"344","GALLATIN",2007,260400,"21077",77,8337,31.2342569269521
"345","GALLATIN",2008,267500,"21077",77,8420,31.7695961995249
"346","GALLATIN",2009,311900,"21077",77,8090,38.5537700865266
"347","GALLATIN",2010,356100,"21077",77,8428,42.2520170859041
"348","GALLATIN",2011,400500,"21077",77,8503,47.1010231682935
"349","GALLATIN",2012,336920,"21077",77,8513,39.5771173499354
"350","GALLATIN",2013,265900,"21077",77,8525,31.1906158357771
"351","GALLATIN",2014,262300,"21077",77,8554,30.6640168342296
"352","GARRARD",2006,554100,"21079",79,16595,33.389575173245
"353","GARRARD",2007,553000,"21079",79,16887,32.7470835553976
"354","GARRARD",2008,631900,"21079",79,16906,37.3772625103514
"355","GARRARD",2009,664960,"21079",79,16829,39.5127458553687
"356","GARRARD",2010,599740,"21079",79,16842,35.6097850611566
"357","GARRARD",2011,630810,"21079",79,16902,37.321618743344
"358","GARRARD",2012,626000,"21079",79,16892,37.0589628226379
"359","GARRARD",2013,572130,"21079",79,16896,33.8618607954545
"360","GARRARD",2014,461660,"21079",79,16880,27.3495260663507
"361","GRANT",2006,1967200,"21081",81,24253,81.111615057931
"362","GRANT",2007,2217190,"21081",81,24544,90.335316166884
"363","GRANT",2008,2065100,"21081",81,24856,83.082555519794
"364","GRANT",2009,2252400,"21081",81,25088,89.7799744897959
"365","GRANT",2010,2552490,"21081",81,24604,103.742887335393
"366","GRANT",2011,2957000,"21081",81,24720,119.619741100324
"367","GRANT",2012,2203710,"21081",81,24683,89.2804764412754
"368","GRANT",2013,1611160,"21081",81,24685,65.2687867125785
"369","GRANT",2014,1642890,"21081",81,24667,66.6027486115052
"370","GRAVES",2006,1456620,"21083",83,36859,39.5187064217694
"371","GRAVES",2007,1766870,"21083",83,36932,47.8411675511751
"372","GRAVES",2008,1813020,"21083",83,36862,49.1839835060496
"373","GRAVES",2009,2027950,"21083",83,37516,54.0556029427444
"374","GRAVES",2010,2160020,"21083",83,36958,58.4452621895124
"375","GRAVES",2011,2455070,"21083",83,37088,66.1958045729077
"376","GRAVES",2012,2381510,"21083",83,37200,64.0190860215054
"377","GRAVES",2013,2122300,"21083",83,37329,56.8539205443489
"378","GRAVES",2014,2175990,"21083",83,37451,58.1023203652773
"379","GRAYSON",2006,1697470,"21085",85,25294,67.109591207401
"380","GRAYSON",2007,1788300,"21085",85,25444,70.2837604150291
"381","GRAYSON",2008,1631480,"21085",85,25558,63.834415838485
"382","GRAYSON",2009,1833360,"21085",85,25320,72.4075829383886
"383","GRAYSON",2010,1987910,"21085",85,25540,77.835160532498
"384","GRAYSON",2011,2309220,"21085",85,25677,89.9334034349807
"385","GRAYSON",2012,2329010,"21085",85,25772,90.3697811578457
"386","GRAYSON",2013,1968470,"21085",85,25833,76.1998219331862
"387","GRAYSON",2014,1979820,"21085",85,25934,76.340711035706
"388","GREEN",2006,400910,"21087",87,11454,35.0017461148944
"389","GREEN",2007,392320,"21087",87,11412,34.3778478794252
"390","GREEN",2008,399830,"21087",87,11432,34.9746326102169
"391","GREEN",2009,436620,"21087",87,11513,37.924085816034
"392","GREEN",2010,436650,"21087",87,11377,38.3800650435088
"393","GREEN",2011,488390,"21087",87,11334,43.0907005470266
"394","GREEN",2012,532380,"21087",87,11309,47.0757803519321
"395","GREEN",2013,450260,"21087",87,11252,40.0159971560611
"396","GREEN",2014,410100,"21087",87,11186,36.661898802074
"397","GREENUP",2006,2180000,"21089",89,36827,59.1956988079398
"398","GREENUP",2007,2265900,"21089",89,36939,61.3416714042069
"399","GREENUP",2008,2341810,"21089",89,37106,63.1113566539104
"400","GREENUP",2009,2237320,"21089",89,37517,59.6348322093984
"401","GREENUP",2010,2210190,"21089",89,36962,59.7962772577241
"402","GREENUP",2011,2324960,"21089",89,36974,62.8809433656083
"403","GREENUP",2012,2264460,"21089",89,36922,61.3309138183197
"404","GREENUP",2013,2119070,"21089",89,36822,57.5490196078431
"405","GREENUP",2014,1764250,"21089",89,36656,48.1299105194238
"406","HANCOCK",2006,87200,"21091",91,8542,10.2083821119176
"407","HANCOCK",2007,123700,"21091",91,8536,14.491565135895
"408","HANCOCK",2008,145500,"21091",91,8567,16.983774950391
"409","HANCOCK",2009,148390,"21091",91,8601,17.2526450412743
"410","HANCOCK",2010,150880,"21091",91,8555,17.6364699006429
"411","HANCOCK",2011,125750,"21091",91,8559,14.6921369318846
"412","HANCOCK",2012,116700,"21091",91,8588,13.5887284583139
"413","HANCOCK",2013,105260,"21091",91,8608,12.2281598513011
"414","HANCOCK",2014,100600,"21091",91,8654,11.6246822278715
"415","HARDIN",2006,2599860,"21093",93,97539,26.6545689416541
"416","HARDIN",2007,3045410,"21093",93,98728,30.8464670610161
"417","HARDIN",2008,3351290,"21093",93,99926,33.5377179112543
"418","HARDIN",2009,3725290,"21093",93,98113,37.969382242924
"419","HARDIN",2010,4090620,"21093",93,100876,40.5509734723819
"420","HARDIN",2011,4630950,"21093",93,102873,45.0161850048118
"421","HARDIN",2012,4797390,"21093",93,104513,45.9023279400649
"422","HARDIN",2013,4524390,"21093",93,106211,42.5981301371798
"423","HARDIN",2014,4574650,"21093",93,107565,42.5291684097987
"424","HARLAN",2006,2045790,"21095",95,30113,67.9371035765284
"425","HARLAN",2007,2369020,"21095",95,29969,79.0490173178952
"426","HARLAN",2008,2196700,"21095",95,29591,74.2354094150248
"427","HARLAN",2009,2232400,"21095",95,30999,72.0152262976225
"428","HARLAN",2010,2408040,"21095",95,29688,81.1115602263541
"429","HARLAN",2011,2677920,"21095",95,29479,90.8416160656739
"430","HARLAN",2012,2652980,"21095",95,29210,90.8243752139678
"431","HARLAN",2013,2212790,"21095",95,29012,76.2715428098718
"432","HARLAN",2014,2060290,"21095",95,28744,71.6772195936543
"433","HARRISON",2006,634830,"21097",97,18483,34.3466969647784
"434","HARRISON",2007,671560,"21097",97,18725,35.8643524699599
"435","HARRISON",2008,733260,"21097",97,18876,38.8461538461538
"436","HARRISON",2009,845160,"21097",97,18531,45.6079002752145
"437","HARRISON",2010,858680,"21097",97,18761,45.7694152763712
"438","HARRISON",2011,873000,"21097",97,18823,46.3794294214525
"439","HARRISON",2012,884220,"21097",97,18781,47.0805601405676
"440","HARRISON",2013,801830,"21097",97,18693,42.8946664526828
"441","HARRISON",2014,918830,"21097",97,18643,49.285522716301
"442","HART",2006,373430,"21099",99,18109,20.621238058424
"443","HART",2007,454200,"21099",99,18172,24.9944970283953
"444","HART",2008,438400,"21099",99,18320,23.9301310043668
"445","HART",2009,511040,"21099",99,18288,27.9440069991251
"446","HART",2010,559620,"21099",99,18201,30.7466622713038
"447","HART",2011,618490,"21099",99,18228,33.930765854729
"448","HART",2012,616290,"21099",99,18278,33.7175839807419
"449","HART",2013,539980,"21099",99,18345,29.4347233578632
"450","HART",2014,560840,"21099",99,18427,30.4357735930971
"451","HENDERSON",2006,2827320,"21101",101,45633,61.9577937019262
"452","HENDERSON",2007,2898050,"21101",101,45696,63.4202118347339
"453","HENDERSON",2008,3538990,"21101",101,46046,76.8577075098814
"454","HENDERSON",2009,3793620,"21101",101,45274,83.7924636656801
"455","HENDERSON",2010,3996690,"21101",101,45943,86.9923600983828
"456","HENDERSON",2011,4449110,"21101",101,46095,96.5204469031348
"457","HENDERSON",2012,4517570,"21101",101,46254,97.66874216284
"458","HENDERSON",2013,4510900,"21101",101,46303,97.421333390925
"459","HENDERSON",2014,4660700,"21101",101,46394,100.459111091952
"460","HENRY",2006,361640,"21103",103,15475,23.3693053311793
"461","HENRY",2007,568420,"21103",103,15465,36.7552537989007
"462","HENRY",2008,681490,"21103",103,15511,43.9359164463929
"463","HENRY",2009,603430,"21103",103,15842,38.0905188738796
"464","HENRY",2010,564030,"21103",103,15474,36.450174486235
"465","HENRY",2011,618090,"21103",103,15472,39.9489400206825
"466","HENRY",2012,611430,"21103",103,15428,39.6311900440757
"467","HENRY",2013,552790,"21103",103,15425,35.8372771474878
"468","HENRY",2014,567330,"21103",103,15427,36.7751345044403
"469","HICKMAN",2006,125600,"21105",105,5002,25.109956017593
"470","HICKMAN",2007,118060,"21105",105,4955,23.8264379414733
"471","HICKMAN",2008,132100,"21105",105,4957,26.6491829735727
"472","HICKMAN",2009,135400,"21105",105,4923,27.5035547430429
"473","HICKMAN",2010,158500,"21105",105,4949,32.0266720549606
"474","HICKMAN",2011,153900,"21105",105,4905,31.3761467889908
"475","HICKMAN",2012,134000,"21105",105,4869,27.5210515506264
"476","HICKMAN",2013,122600,"21105",105,4834,25.3620190318577
"477","HICKMAN",2014,121800,"21105",105,4790,25.4279749478079
"478","HOPKINS",2006,2800875,"21107",107,46727,59.9412545209408
"479","HOPKINS",2007,3424700,"21107",107,46834,73.1242259896656
"480","HOPKINS",2008,3909820,"21107",107,47051,83.0974899577055
"481","HOPKINS",2009,4507490,"21107",107,46234,97.4929705411602
"482","HOPKINS",2010,5106060,"21107",107,46886,108.903723926119
"483","HOPKINS",2011,5898150,"21107",107,46921,125.7038426291
"484","HOPKINS",2012,5818620,"21107",107,46891,124.08820455951
"485","HOPKINS",2013,5002520,"21107",107,46810,106.868617816706
"486","HOPKINS",2014,4794420,"21107",107,46684,102.699425927513
"487","JACKSON",2006,513660,"21109",109,13577,37.8331000957502
"488","JACKSON",2007,533560,"21109",109,13606,39.2150521828605
"489","JACKSON",2008,526700,"21109",109,13650,38.5860805860806
"490","JACKSON",2009,540060,"21109",109,13399,40.3059929845511
"491","JACKSON",2010,649630,"21109",109,13560,47.9078171091445
"492","JACKSON",2011,796100,"21109",109,13537,58.8091896284258
"493","JACKSON",2012,885110,"21109",109,13475,65.6853432282004
"494","JACKSON",2013,838280,"21109",109,13418,62.4742882694887
"495","JACKSON",2014,755100,"21109",109,13370,56.4771877337322
"496","JEFFERSON",2006,31449370,"21111",111,715149,43.9759686442965
"497","JEFFERSON",2007,35940930,"21111",111,723040,49.7080797742863
"498","JEFFERSON",2008,40877193,"21111",111,730194,55.9812775782874
"499","JEFFERSON",2009,44600540,"21111",111,711317,62.7013553732021
"500","JEFFERSON",2010,48472364,"21111",111,729452,66.4503819305451
"501","JEFFERSON",2011,52779090,"21111",111,735804,71.7298220721823
"502","JEFFERSON",2012,50416560,"21111",111,741285,68.0123839009288
"503","JEFFERSON",2013,45245900,"21111",111,746580,60.6042219186156
"504","JEFFERSON",2014,45547160,"21111",111,751485,60.6095397779064
"505","JESSAMINE",2006,1709900,"21113",113,45024,37.9775230987918
"506","JESSAMINE",2007,2119560,"21113",113,46044,46.033359395361
"507","JESSAMINE",2008,2250630,"21113",113,47429,47.4526133799996
"508","JESSAMINE",2009,2454600,"21113",113,45551,53.8868520998441
"509","JESSAMINE",2010,2609220,"21113",113,47073,55.4292269453827
"510","JESSAMINE",2011,2840140,"21113",113,47880,59.3178780284043
"511","JESSAMINE",2012,2816530,"21113",113,48591,57.964026260007
"512","JESSAMINE",2013,2356510,"21113",113,49112,47.9823668349894
"513","JESSAMINE",2014,2469390,"21113",113,49601,49.7850849781254
"514","JOHNSON",2006,3291330,"21115",115,23382,140.763407749551
"515","JOHNSON",2007,3222680,"21115",115,23354,137.99263509463
"516","JOHNSON",2008,3451950,"21115",115,23256,148.4326625387
"517","JOHNSON",2009,3857450,"21115",115,23837,161.826152619877
"518","JOHNSON",2010,4039220,"21115",115,23325,173.17127545552
"519","JOHNSON",2011,3912700,"21115",115,23327,167.732670296223
"520","JOHNSON",2012,3145520,"21115",115,23339,134.775268863276
"521","JOHNSON",2013,2498410,"21115",115,23377,106.874705907516
"522","JOHNSON",2014,2033200,"21115",115,23390,86.9260367678495
"523","KENTON",2006,6488220,"21117",117,155557,41.7095984108719
"524","KENTON",2007,7320520,"21117",117,157240,46.5563469854999
"525","KENTON",2008,7839170,"21117",117,158258,49.5341151790115
"526","KENTON",2009,8525750,"21117",117,156399,54.5128165781111
"527","KENTON",2010,9133261,"21117",117,158034,57.7930128959591
"528","KENTON",2011,10051910,"21117",117,159008,63.2163790501107
"529","KENTON",2012,9508190,"21117",117,159926,59.4536848292335
"530","KENTON",2013,7639390,"21117",117,160828,47.500373069366
"531","KENTON",2014,7210070,"21117",117,161915,44.5299694284038
"532","KNOTT",2006,325150,"21119",119,16837,19.3116350893865
"533","KNOTT",2007,458480,"21119",119,16640,27.5528846153846
"534","KNOTT",2008,551920,"21119",119,16616,33.216177178623
"535","KNOTT",2009,664160,"21119",119,17197,38.6206896551724
"536","KNOTT",2010,911890,"21119",119,16587,54.9761861698921
"537","KNOTT",2011,907160,"21119",119,16483,55.036097797731
"538","KNOTT",2012,947990,"21119",119,16368,57.9172776148583
"539","KNOTT",2013,926840,"21119",119,16217,57.1523709687365
"540","KNOTT",2014,892520,"21119",119,16139,55.3020633248652
"541","KNOX",2006,1746919,"21121",121,31599,55.2839963289978
"542","KNOX",2007,1817560,"21121",121,31668,57.3942149804219
"543","KNOX",2008,1927490,"21121",121,31746,60.7159957159957
"544","KNOX",2009,1954120,"21121",121,32326,60.450411433521
"545","KNOX",2010,2173400,"21121",121,31765,68.4212183220526
"546","KNOX",2011,2218360,"21121",121,31820,69.7159019484601
"547","KNOX",2012,2105790,"21121",121,31874,66.0660726611031
"548","KNOX",2013,1825610,"21121",121,31865,57.2920131806057
"549","KNOX",2014,1666710,"21121",121,31857,52.3184857331199
"550","LARUE",2006,434760,"21123",123,13934,31.2013779245012
"551","LARUE",2007,439900,"21123",123,14008,31.4034837235865
"552","LARUE",2008,458150,"21123",123,14100,32.4929078014184
"553","LARUE",2009,517900,"21123",123,13579,38.1397746520362
"554","LARUE",2010,574000,"21123",123,14080,40.7670454545455
"555","LARUE",2011,650990,"21123",123,14162,45.9673774890552
"556","LARUE",2012,720260,"21123",123,14175,50.8119929453263
"557","LARUE",2013,747500,"21123",123,14149,52.8305887341862
"558","LARUE",2014,766830,"21123",123,14149,54.1967630221217
"559","LAUREL",2006,3168050,"21125",125,57239,55.3477524065759
"560","LAUREL",2007,3397640,"21125",125,57938,58.6426870102523
"561","LAUREL",2008,3426250,"21125",125,58142,58.9290014103402
"562","LAUREL",2009,3649250,"21125",125,57023,63.9961068340845
"563","LAUREL",2010,3826660,"21125",125,58155,65.801048920987
"564","LAUREL",2011,4425800,"21125",125,58590,75.5384877965523
"565","LAUREL",2012,4271160,"21125",125,58891,72.5265320677183
"566","LAUREL",2013,3566170,"21125",125,59178,60.2617526783602
"567","LAUREL",2014,3418470,"21125",125,59535,57.4195011337868
"568","LAWRENCE",2006,1830950,"21127",127,15766,116.132817455284
"569","LAWRENCE",2007,1863540,"21127",127,15815,117.833702181473
"570","LAWRENCE",2008,1601380,"21127",127,15867,100.925190647255
"571","LAWRENCE",2009,1768640,"21127",127,16338,108.253152160607
"572","LAWRENCE",2010,1800530,"21127",127,15841,113.662647560129
"573","LAWRENCE",2011,1681060,"21127",127,15899,105.733693943015
"574","LAWRENCE",2012,1507670,"21127",127,15889,94.8876581282648
"575","LAWRENCE",2013,1209290,"21127",127,15877,76.1661522957738
"576","LAWRENCE",2014,1119600,"21127",127,15850,70.6372239747634
"577","LEE",2006,847350,"21129",129,7850,107.942675159236
"578","LEE",2007,908100,"21129",129,7855,115.607893061744
"579","LEE",2008,964000,"21129",129,7859,122.661916274335
"580","LEE",2009,1050170,"21129",129,7427,141.398949777838
"581","LEE",2010,1099940,"21129",129,7865,139.852511125238
"582","LEE",2011,1184740,"21129",129,7858,150.768643420718
"583","LEE",2012,1196660,"21129",129,7831,152.810624441323
"584","LEE",2013,1054830,"21129",129,7554,139.638602065131
"585","LEE",2014,1088440,"21129",129,7681,141.70550709543
"586","LESLIE",2006,862900,"21131",131,11642,74.1195670846934
"587","LESLIE",2007,939720,"21131",131,11585,81.1152352179543
"588","LESLIE",2008,1139500,"21131",131,11465,99.3894461404274
"589","LESLIE",2009,1167760,"21131",131,11674,100.030837759123
"590","LESLIE",2010,1327460,"21131",131,11470,115.733217088056
"591","LESLIE",2011,1583518,"21131",131,11388,139.051457674745
"592","LESLIE",2012,1756250,"21131",131,11318,155.173175472698
"593","LESLIE",2013,1681580,"21131",131,11220,149.873440285205
"594","LESLIE",2014,1662880,"21131",131,11128,149.432063263839
"595","LETCHER",2006,1541570,"21133",133,24534,62.8340262492867
"596","LETCHER",2007,1629900,"21133",133,24499,66.5292460916772
"597","LETCHER",2008,1727300,"21133",133,24363,70.8984936173706
"598","LETCHER",2009,2015960,"21133",133,23915,84.2968848003345
"599","LETCHER",2010,2402100,"21133",133,24462,98.1972038263429
"600","LETCHER",2011,2514760,"21133",133,24449,102.857376579819
"601","LETCHER",2012,2423860,"21133",133,24336,99.5997698882314
"602","LETCHER",2013,2161900,"21133",133,24202,89.3273283199736
"603","LETCHER",2014,2166940,"21133",133,23965,90.4210306697267
"604","LEWIS",2006,569200,"21135",135,14010,40.6281227694504
"605","LEWIS",2007,572600,"21135",135,14069,40.6994100504656
"606","LEWIS",2008,532700,"21135",135,13997,38.0581553189969
"607","LEWIS",2009,559000,"21135",135,13840,40.3901734104046
"608","LEWIS",2010,594900,"21135",135,13968,42.590206185567
"609","LEWIS",2011,512120,"21135",135,13946,36.7216406137961
"610","LEWIS",2012,454900,"21135",135,13889,32.7525379796962
"611","LEWIS",2013,457220,"21135",135,13859,32.9908362796739
"612","LEWIS",2014,427060,"21135",135,13848,30.8391103408434
"613","LINCOLN",2006,729200,"21137",137,24838,29.3582414042999
"614","LINCOLN",2007,826100,"21137",137,24875,33.2100502512563
"615","LINCOLN",2008,995420,"21137",137,24664,40.3592280246513
"616","LINCOLN",2009,1084630,"21137",137,25076,43.2537087254746
"617","LINCOLN",2010,1141170,"21137",137,24779,46.0539166229469
"618","LINCOLN",2011,1274610,"21137",137,24758,51.4827530495193
"619","LINCOLN",2012,1303830,"21137",137,24671,52.8486887438693
"620","LINCOLN",2013,1166720,"21137",137,24602,47.4237866840094
"621","LINCOLN",2014,1111460,"21137",137,24546,45.2806974659822
"622","LIVINGSTON",2006,587500,"21139",139,9594,61.2361892849698
"623","LIVINGSTON",2007,688430,"21139",139,9508,72.4053428691628
"624","LIVINGSTON",2008,777300,"21139",139,9458,82.184394163671
"625","LIVINGSTON",2009,891060,"21139",139,9609,92.7318139244458
"626","LIVINGSTON",2010,904600,"21139",139,9514,95.0809333613622
"627","LIVINGSTON",2011,1007700,"21139",139,9503,106.040197832264
"628","LIVINGSTON",2012,941800,"21139",139,9479,99.356472201709
"629","LIVINGSTON",2013,788000,"21139",139,9467,83.2365057568395
"630","LIVINGSTON",2014,665300,"21139",139,9443,70.4543047760246
"631","LOGAN",2006,761100,"21141",141,26768,28.4332038254632
"632","LOGAN",2007,881010,"21141",141,26911,32.7379138642191
"633","LOGAN",2008,1011560,"21141",141,26802,37.7419595552571
"634","LOGAN",2009,1079540,"21141",141,27040,39.9238165680473
"635","LOGAN",2010,1153110,"21141",141,26838,42.9655712050078
"636","LOGAN",2011,1320040,"21141",141,26841,49.1799858425543
"637","LOGAN",2012,1301640,"21141",141,26786,48.5940416635556
"638","LOGAN",2013,1175160,"21141",141,26822,43.8132875997316
"639","LOGAN",2014,1248360,"21141",141,26844,46.5042467590523
"640","LYON",2006,460290,"21143",143,8434,54.5755276262746
"641","LYON",2007,487430,"21143",143,8393,58.0757774335756
"642","LYON",2008,508280,"21143",143,8374,60.6973967040841
"643","LYON",2009,539450,"21143",143,8325,64.7987987987988
"644","LYON",2010,516070,"21143",143,8367,61.6792159674913
"645","LYON",2011,577290,"21143",143,8347,69.1613753444351
"646","LYON",2012,553180,"21143",143,8336,66.3603646833013
"647","LYON",2013,464710,"21143",143,8394,55.3621634500834
"648","LYON",2014,493410,"21143",143,8415,58.6345811051693
"649","MADISON",2006,2962660,"21151",151,80264,36.911442240606
"650","MADISON",2007,3316980,"21151",151,80659,41.1234952082223
"651","MADISON",2008,3653990,"21151",151,81521,44.8226837256658
"652","MADISON",2009,3966920,"21151",151,81334,48.7732067769936
"653","MADISON",2010,5154051,"21151",151,81580,63.177874479039
"654","MADISON",2011,6055830,"21151",151,82363,73.5260978837585
"655","MADISON",2012,5165830,"21151",151,83174,62.1087118570707
"656","MADISON",2013,4422100,"21151",151,83976,52.6590930742117
"657","MADISON",2014,4461570,"21151",151,85485,52.1912616248465
"658","MAGOFFIN",2006,402200,"21153",153,13258,30.3364006637502
"659","MAGOFFIN",2007,486040,"21153",153,13316,36.5004505857615
"660","MAGOFFIN",2008,544300,"21153",153,13233,41.1320184387516
"661","MAGOFFIN",2009,570500,"21153",153,13132,43.4434968017058
"662","MAGOFFIN",2010,665390,"21153",153,13294,50.0519031141868
"663","MAGOFFIN",2011,694680,"21153",153,13286,52.2866174920969
"664","MAGOFFIN",2012,705330,"21153",153,13229,53.3169551742384
"665","MAGOFFIN",2013,632020,"21153",153,13179,47.9565976174217
"666","MAGOFFIN",2014,746020,"21153",153,13076,57.0526154787397
"667","MARION",2006,652650,"21155",155,19392,33.6556311881188
"668","MARION",2007,814850,"21155",155,19458,41.8773769143797
"669","MARION",2008,968200,"21155",155,19647,49.2797882628391
"670","MARION",2009,1030630,"21155",155,19245,53.5531306832944
"671","MARION",2010,1086250,"21155",155,19619,55.3672460370049
"672","MARION",2011,1171210,"21155",155,19735,59.3468457055992
"673","MARION",2012,1190120,"21155",155,19872,59.8892914653784
"674","MARION",2013,1100600,"21155",155,19943,55.1872837587123
"675","MARION",2014,1141130,"21155",155,19965,57.1565239168545
"676","MARSHALL",2006,1491250,"21157",157,31204,47.7903473913601
"677","MARSHALL",2007,1690040,"21157",157,31443,53.749324173902
"678","MARSHALL",2008,1848360,"21157",157,31418,58.8312432363613
"679","MARSHALL",2009,2047550,"21157",157,31075,65.8905872888174
"680","MARSHALL",2010,2134860,"21157",157,31386,68.0194991397438
"681","MARSHALL",2011,2322510,"21157",157,31409,73.9440924575758
"682","MARSHALL",2012,2324570,"21157",157,31393,74.0473991017106
"683","MARSHALL",2013,1977500,"21157",157,31296,63.1869887525562
"684","MARSHALL",2014,2015060,"21157",157,31223,64.5376805560004
"685","MARTIN",2006,570050,"21159",159,13371,42.6333108967168
"686","MARTIN",2007,590830,"21159",159,13224,44.6786146400484
"687","MARTIN",2008,606220,"21159",159,13160,46.065349544073
"688","MARTIN",2009,691690,"21159",159,13300,52.0067669172932
"689","MARTIN",2010,849840,"21159",159,13138,64.6856446947785
"690","MARTIN",2011,842230,"21159",159,13014,64.717227601045
"691","MARTIN",2012,818610,"21159",159,12934,63.2913251894232
"692","MARTIN",2013,802750,"21159",159,12835,62.5438254772108
"693","MARTIN",2014,787290,"21159",159,12750,61.7482352941176
"694","MASON",2006,756440,"21161",161,17138,44.1381724822033
"695","MASON",2007,815520,"21161",161,17259,47.2518685903007
"696","MASON",2008,886760,"21161",161,17454,50.805546006646
"697","MASON",2009,907580,"21161",161,17174,52.846162804239
"698","MASON",2010,944360,"21161",161,17362,54.3923511116231
"699","MASON",2011,1080830,"21161",161,17468,61.8748568811541
"700","MASON",2012,1102880,"21161",161,17495,63.039725635896
"701","MASON",2013,937060,"21161",161,17452,53.6935594774238
"702","MASON",2014,945890,"21161",161,17398,54.3677434187838
"703","MCCRACKEN",2006,5091320,"21145",145,64678,78.7179566467732
"704","MCCRACKEN",2007,5779346,"21145",145,64925,89.0157258375048
"705","MCCRACKEN",2008,6554600,"21145",145,65287,100.396709911621
"706","MCCRACKEN",2009,7236270,"21145",145,65059,111.226271538142
"707","MCCRACKEN",2010,7462730,"21145",145,65217,114.429213241946
"708","MCCRACKEN",2011,8375180,"21145",145,65451,127.96107011352
"709","MCCRACKEN",2012,7928770,"21145",145,65558,120.942829250435
"710","MCCRACKEN",2013,6819880,"21145",145,65610,103.945739978662
"711","MCCRACKEN",2014,6855850,"21145",145,65545,104.597604699062
"712","MCCREARY",2006,737240,"21147",147,17892,41.2050078247261
"713","MCCREARY",2007,864590,"21147",147,18053,47.8917631418601
"714","MCCREARY",2008,891860,"21147",147,18144,49.1545414462081
"715","MCCREARY",2009,1010170,"21147",147,18199,55.5068959832958
"716","MCCREARY",2010,1488330,"21147",147,18122,82.1283522789979
"717","MCCREARY",2011,1325752,"21147",147,18201,72.8395143124004
"718","MCCREARY",2012,1359890,"21147",147,18204,74.7028125686662
"719","MCCREARY",2013,1297880,"21147",147,18163,71.4573583659087
"720","MCCREARY",2014,1253680,"21147",147,18073,69.3675648757816
"721","MCLEAN",2006,119800,"21149",149,9702,12.3479694908266
"722","MCLEAN",2007,176300,"21149",149,9717,18.1434599156118
"723","MCLEAN",2008,202500,"21149",149,9673,20.9345601157862
"724","MCLEAN",2009,225100,"21149",149,9690,23.2301341589267
"725","MCLEAN",2010,247780,"21149",149,9635,25.716658017644
"726","MCLEAN",2011,286620,"21149",149,9604,29.8438150770512
"727","MCLEAN",2012,331710,"21149",149,9554,34.7194892191752
"728","MCLEAN",2013,405600,"21149",149,9524,42.5871482570349
"729","MCLEAN",2014,493050,"21149",149,9510,51.8454258675079
"730","MEADE",2006,531500,"21163",163,29397,18.0800761982515
"731","MEADE",2007,637000,"21163",163,29108,21.8840181393431
"732","MEADE",2008,748900,"21163",163,28962,25.8580208549133
"733","MEADE",2009,806100,"21163",163,27230,29.6033786265149
"734","MEADE",2010,914110,"21163",163,28907,31.622444390632
"735","MEADE",2011,957040,"21163",163,28944,33.065229408513
"736","MEADE",2012,970280,"21163",163,28979,33.4821767486801
"737","MEADE",2013,919490,"21163",163,29028,31.6759680308667
"738","MEADE",2014,932420,"21163",163,29203,31.928911413211
"739","MENIFEE",2006,196600,"21165",165,6567,29.9375666209837
"740","MENIFEE",2007,225800,"21165",165,6486,34.813444341659
"741","MENIFEE",2008,192200,"21165",165,6457,29.7661452687006
"742","MENIFEE",2009,228600,"21165",165,6687,34.185733512786
"743","MENIFEE",2010,235100,"21165",165,6427,36.5800529018204
"744","MENIFEE",2011,258800,"21165",165,6378,40.57698338037
"745","MENIFEE",2012,264700,"21165",165,6331,41.8101405781077
"746","MENIFEE",2013,258000,"21165",165,6334,40.7325544679507
"747","MENIFEE",2014,254330,"21165",165,6337,40.1341328704434
"748","MERCER",2006,623530,"21167",167,21181,29.4381757235258
"749","MERCER",2007,799690,"21167",167,21255,37.6236179722418
"750","MERCER",2008,946400,"21167",167,21273,44.4883185258309
"751","MERCER",2009,1109305,"21167",167,21734,51.040075457808
"752","MERCER",2010,1199430,"21167",167,21272,56.3853892440767
"753","MERCER",2011,1345960,"21167",167,21289,63.2232608389309
"754","MERCER",2012,1326850,"21167",167,21283,62.3431847014049
"755","MERCER",2013,1080490,"21167",167,21313,50.6962886501196
"756","MERCER",2014,1133200,"21167",167,21311,53.1744169677631
"757","METCALFE",2006,205900,"21169",169,10123,20.3398202113998
"758","METCALFE",2007,252600,"21169",169,10187,24.7963090213017
"759","METCALFE",2008,276330,"21169",169,10166,27.1817824119614
"760","METCALFE",2009,292500,"21169",169,10115,28.9174493326742
"761","METCALFE",2010,288700,"21169",169,10130,28.4995064165844
"762","METCALFE",2011,347990,"21169",169,10124,34.3727775582774
"763","METCALFE",2012,344320,"21169",169,10074,34.1790748461386
"764","METCALFE",2013,355060,"21169",169,10043,35.3539778950513
"765","METCALFE",2014,332700,"21169",169,10025,33.1870324189526
"766","MONROE",2006,732250,"21171",171,11337,64.5893975478522
"767","MONROE",2007,662030,"21171",171,11171,59.2632709694745
"768","MONROE",2008,764330,"21171",171,10990,69.547770700637
"769","MONROE",2009,862380,"21171",171,11650,74.024034334764
"770","MONROE",2010,1011060,"21171",171,11089,91.1768419154117
"771","MONROE",2011,1131830,"21171",171,11009,102.809519484058
"772","MONROE",2012,1096910,"21171",171,10925,100.403661327231
"773","MONROE",2013,1033800,"21171",171,10874,95.0708111090675
"774","MONROE",2014,932000,"21171",171,10837,86.001660976285
"775","MONTGOMERY",2006,1469910,"21173",173,25085,58.5971696232808
"776","MONTGOMERY",2007,1776930,"21173",173,25550,69.5471624266145
"777","MONTGOMERY",2008,1885110,"21173",173,25981,72.5572533774681
"778","MONTGOMERY",2009,1955430,"21173",173,25093,77.9273104052923
"779","MONTGOMERY",2010,2345770,"21173",173,25908,90.5423035355875
"780","MONTGOMERY",2011,3055600,"21173",173,26242,116.439295785382
"781","MONTGOMERY",2012,2659900,"21173",173,26517,100.309235584719
"782","MONTGOMERY",2013,2334240,"21173",173,26762,87.2221807039833
"783","MONTGOMERY",2014,2284800,"21173",173,26983,84.6755364488752
"784","MORGAN",2006,409100,"21175",175,14174,28.8627063637646
"785","MORGAN",2007,506900,"21175",175,14191,35.7198224226623
"786","MORGAN",2008,554200,"21175",175,14055,39.4308075418001
"787","MORGAN",2009,579200,"21175",175,14204,40.7772458462405
"788","MORGAN",2010,612740,"21175",175,14055,43.595873354678
"789","MORGAN",2011,733270,"21175",175,14012,52.3315729374822
"790","MORGAN",2012,667820,"21175",175,13898,48.0515182040581
"791","MORGAN",2013,591450,"21175",175,13657,43.307461375119
"792","MORGAN",2014,525750,"21175",175,13522,38.8810826800769
"793","MUHLENBERG",2006,1937160,"21177",177,31595,61.3122329482513
"794","MUHLENBERG",2007,2191780,"21177",177,31627,69.3009137762039
"795","MUHLENBERG",2008,2550750,"21177",177,31486,81.012195896589
"796","MUHLENBERG",2009,2801870,"21177",177,31378,89.294091401619
"797","MUHLENBERG",2010,3029570,"21177",177,31541,96.0518055863796
"798","MUHLENBERG",2011,2890690,"21177",177,31473,91.8466622184094
"799","MUHLENBERG",2012,2772230,"21177",177,31399,88.2903914137393
"800","MUHLENBERG",2013,2540830,"21177",177,31427,80.8486333407579
"801","MUHLENBERG",2014,2773660,"21177",177,31391,88.3584466885413
"802","NELSON",2006,1340510,"21179",179,41424,32.360708767864
"803","NELSON",2007,1665730,"21179",179,42020,39.6413612565445
"804","NELSON",2008,2157200,"21179",179,42588,50.6527660373814
"805","NELSON",2009,2517160,"21179",179,42342,59.4483019224411
"806","NELSON",2010,2684190,"21179",179,42523,63.1232509465466
"807","NELSON",2011,2932670,"21179",179,43026,68.1604146330126
"808","NELSON",2012,2841420,"21179",179,43500,65.32
"809","NELSON",2013,2559380,"21179",179,43905,58.2935884295638
"810","NELSON",2014,2371790,"21179",179,44254,53.5949292719302
"811","NICHOLAS",2006,189580,"21181",181,7147,26.5258150272842
"812","NICHOLAS",2007,227380,"21181",181,7143,31.832563348733
"813","NICHOLAS",2008,248700,"21181",181,7135,34.8563419761738
"814","NICHOLAS",2009,243430,"21181",181,6921,35.1726629099841
"815","NICHOLAS",2010,248720,"21181",181,7136,34.8542600896861
"816","NICHOLAS",2011,266700,"21181",181,7120,37.4578651685393
"817","NICHOLAS",2012,268100,"21181",181,7092,37.8031584884377
"818","NICHOLAS",2013,228160,"21181",181,7085,32.2032462949894
"819","NICHOLAS",2014,211200,"21181",181,7064,29.8980747451869
"820","OHIO",2006,1128400,"21183",183,23658,47.6963395046073
"821","OHIO",2007,1188440,"21183",183,23794,49.9470454736488
"822","OHIO",2008,1352240,"21183",183,24025,56.284703433923
"823","OHIO",2009,1537100,"21183",183,23498,65.4140777938548
"824","OHIO",2010,1845900,"21183",183,23837,77.4384360448043
"825","OHIO",2011,1844180,"21183",183,23932,77.0591676416513
"826","OHIO",2012,1884830,"21183",183,23975,78.6164754953076
"827","OHIO",2013,1867560,"21183",183,23955,77.9611772072636
"828","OHIO",2014,1988830,"21183",183,23956,83.0201202204041
"829","OLDHAM",2006,1028600,"21185",185,56329,18.2605762573452
"830","OLDHAM",2007,1347000,"21185",185,57991,23.2277422358642
"831","OLDHAM",2008,1598200,"21185",185,59375,26.9170526315789
"832","OLDHAM",2009,1706230,"21185",185,56194,30.3632060362316
"833","OLDHAM",2010,1830340,"21185",185,58784,31.1367038649973
"834","OLDHAM",2011,2076220,"21185",185,59639,34.8131256392629
"835","OLDHAM",2012,2110600,"21185",185,60357,34.9686034759846
"836","OLDHAM",2013,2096690,"21185",185,60940,34.4058089924516
"837","OLDHAM",2014,2198290,"21185",185,61711,35.6223363743903
"838","OWEN",2006,269600,"21187",187,10886,24.7657541796803
"839","OWEN",2007,326030,"21187",187,11000,29.6390909090909
"840","OWEN",2008,331400,"21187",187,11010,30.0999091734787
"841","OWEN",2009,389400,"21187",187,11295,34.4754316069057
"842","OWEN",2010,368900,"21187",187,10928,33.7573206442167
"843","OWEN",2011,476880,"21187",187,10923,43.6583356220818
"844","OWEN",2012,458520,"21187",187,10870,42.1821527138914
"845","OWEN",2013,381900,"21187",187,10807,35.338206717868
"846","OWEN",2014,314500,"21187",187,10740,29.2830540037244
"847","OWSLEY",2006,308200,"21189",189,4743,64.9799704828168
"848","OWSLEY",2007,474130,"21189",189,4729,100.260097272151
"849","OWSLEY",2008,476080,"21189",189,4761,99.9957992018484
"850","OWSLEY",2009,549700,"21189",189,4648,118.265920826162
"851","OWSLEY",2010,677430,"21189",189,4742,142.857444116407
"852","OWSLEY",2011,720080,"21189",189,4759,151.309098550116
"853","OWSLEY",2012,746600,"21189",189,4764,156.71704450042
"854","OWSLEY",2013,651100,"21189",189,4738,137.420852680456
"855","OWSLEY",2014,634400,"21189",189,4686,135.381988903116
"856","PENDLETON",2006,290320,"21191",191,14972,19.3908629441624
"857","PENDLETON",2007,338800,"21191",191,14935,22.6849681955139
"858","PENDLETON",2008,338200,"21191",191,14867,22.7483688706531
"859","PENDLETON",2009,390800,"21191",191,14951,26.1387198180724
"860","PENDLETON",2010,397100,"21191",191,14894,26.6617429837518
"861","PENDLETON",2011,437800,"21191",191,14840,29.5013477088949
"862","PENDLETON",2012,411500,"21191",191,14771,27.8586419335184
"863","PENDLETON",2013,366900,"21191",191,14714,24.935435639527
"864","PENDLETON",2014,350300,"21191",191,14642,23.9243272776943
"865","PERRY",2006,3561250,"21193",193,28829,123.530125914877
"866","PERRY",2007,4167770,"21193",193,28742,145.006262612205
"867","PERRY",2008,4498690,"21193",193,28686,156.825280624695
"868","PERRY",2009,5149115,"21193",193,29135,176.732967221555
"869","PERRY",2010,5674590,"21193",193,28739,197.452590556387
"870","PERRY",2011,6191090,"21193",193,28722,215.552189958917
"871","PERRY",2012,6008500,"21193",193,28617,209.962609637628
"872","PERRY",2013,5510940,"21193",193,28488,193.447767481045
"873","PERRY",2014,5152300,"21193",193,28261,182.311312409327
"874","PIKE",2006,9451370,"21195",195,65632,144.005515602145
"875","PIKE",2007,8542420,"21195",195,65431,130.556158395867
"876","PIKE",2008,8200080,"21195",195,65275,125.623592493298
"877","PIKE",2009,9222570,"21195",195,65524,140.751022526097
"878","PIKE",2010,10354390,"21195",195,65309,158.544611003078
"879","PIKE",2011,11069730,"21195",195,65174,169.848866112253
"880","PIKE",2012,9921040,"21195",195,64887,152.897190500408
"881","PIKE",2013,8986520,"21195",195,64473,139.384238363346
"882","PIKE",2014,8735730,"21195",195,64380,135.690121155638
"883","POWELL",2006,639400,"21197",197,12943,49.401220737078
"884","POWELL",2007,770330,"21197",197,12926,59.5953891381711
"885","POWELL",2008,820100,"21197",197,12794,64.100359543536
"886","POWELL",2009,864000,"21197",197,13589,63.5808374420487
"887","POWELL",2010,935180,"21197",197,12786,73.1409353980917
"888","POWELL",2011,1088830,"21197",197,12730,85.5326001571092
"889","POWELL",2012,1155850,"21197",197,12638,91.4583003639816
"890","POWELL",2013,1017810,"21197",197,12582,80.8941344778255
"891","POWELL",2014,1050220,"21197",197,12552,83.6695347355003
"892","PULASKI",2006,3310710,"21199",199,60752,54.4954898604161
"893","PULASKI",2007,3715760,"21199",199,61440,60.4778645833333
"894","PULASKI",2008,3751600,"21199",199,62270,60.2473101011723
"895","PULASKI",2009,3987660,"21199",199,59937,66.5308574002703
"896","PULASKI",2010,4544560,"21199",199,62062,73.2261287099997
"897","PULASKI",2011,4903350,"21199",199,62654,78.2607654738724
"898","PULASKI",2012,4826520,"21199",199,63045,76.5567451820128
"899","PULASKI",2013,4358760,"21199",199,63369,68.7837901813189
"900","PULASKI",2014,4254480,"21199",199,63505,66.9944098889851
"901","ROCKCASTLE",2006,1130100,"21203",203,16974,66.5782962177448
"902","ROCKCASTLE",2007,1604730,"21203",203,17078,93.9647499707226
"903","ROCKCASTLE",2008,1746430,"21203",203,17216,101.442263011152
"904","ROCKCASTLE",2009,1792560,"21203",203,16560,108.246376811594
"905","ROCKCASTLE",2010,1892120,"21203",203,17075,110.812298682284
"906","ROCKCASTLE",2011,2037640,"21203",203,17098,119.174172417827
"907","ROCKCASTLE",2012,2078040,"21203",203,17090,121.593914569924
"908","ROCKCASTLE",2013,1729830,"21203",203,16997,101.772665764547
"909","ROCKCASTLE",2014,1682160,"21203",203,16965,99.1547303271441
"910","ROWAN",2006,893900,"21205",205,22706,39.3684488681406
"911","ROWAN",2007,980240,"21205",205,22914,42.7790870210352
"912","ROWAN",2008,1000620,"21205",205,23097,43.3225094168074
"913","ROWAN",2009,1169930,"21205",205,22549,51.8838972903455
"914","ROWAN",2010,1293730,"21205",205,23075,56.0663055254605
"915","ROWAN",2011,1321590,"21205",205,23258,56.8230286353083
"916","ROWAN",2012,1349010,"21205",205,23351,57.7709734058499
"917","ROWAN",2013,1196370,"21205",205,23425,51.0723585912487
"918","ROWAN",2014,1297360,"21205",205,23485,55.2420694060038
"919","RUSSELL",2006,1122980,"21207",207,17232,65.1682915506035
"920","RUSSELL",2007,1179990,"21207",207,17297,68.2193443949818
"921","RUSSELL",2008,1161890,"21207",207,17529,66.2838724399566
"922","RUSSELL",2009,1289400,"21207",207,17127,75.2846382904186
"923","RUSSELL",2010,1533420,"21207",207,17445,87.9002579535684
"924","RUSSELL",2011,1433280,"21207",207,17521,81.8035500256835
"925","RUSSELL",2012,1525720,"21207",207,17562,86.8762099988612
"926","RUSSELL",2013,1494880,"21207",207,17636,84.7629848038104
"927","RUSSELL",2014,1297130,"21207",207,17646,73.5084438399637
"928","SCOTT",2006,1461290,"21209",209,41924,34.8556912508348
"929","SCOTT",2007,1713680,"21209",209,43491,39.4030948931963
"930","SCOTT",2008,1849590,"21209",209,45157,40.9590982571916
"931","SCOTT",2009,2046950,"21209",209,42874,47.743387600877
"932","SCOTT",2010,2234060,"21209",209,44868,49.7918338236605
"933","SCOTT",2011,2836810,"21209",209,46113,61.5186606813697
"934","SCOTT",2012,2491640,"21209",209,47211,52.7766834000551
"935","SCOTT",2013,2268290,"21209",209,48149,47.1098049803734
"936","SCOTT",2014,2228550,"21209",209,49167,45.3261333821466
"937","SHELBY",2006,1110040,"21211",211,39283,28.2575159738309
"938","SHELBY",2007,1474370,"21211",211,40335,36.553117639767
"939","SHELBY",2008,1745880,"21211",211,41044,42.5367897865705
"940","SHELBY",2009,1879910,"21211",211,40322,46.6224393631268
"941","SHELBY",2010,1991970,"21211",211,40899,48.7046138047385
"942","SHELBY",2011,2127340,"21211",211,41671,51.050850711526
"943","SHELBY",2012,2172920,"21211",211,42286,51.3862744170647
"944","SHELBY",2013,1912570,"21211",211,42911,44.5706229172007
"945","SHELBY",2014,1849090,"21211",211,43581,42.428810720268
"946","SIMPSON",2006,900630,"21213",213,17115,52.6222611744084
"947","SIMPSON",2007,1040000,"21213",213,17187,60.5108512247629
"948","SIMPSON",2008,1237200,"21213",213,17182,72.005587242463
"949","SIMPSON",2009,1459730,"21213",213,17001,85.8614199164755
"950","SIMPSON",2010,1277320,"21213",213,17214,74.2023934007203
"951","SIMPSON",2011,1432410,"21213",213,17269,82.9468990676936
"952","SIMPSON",2012,1318990,"21213",213,17323,76.1409686543901
"953","SIMPSON",2013,1065540,"21213",213,17443,61.086968984693
"954","SIMPSON",2014,1094820,"21213",213,17551,62.3793516038972
"955","SPENCER",2006,355810,"21215",215,15638,22.7529095792301
"956","SPENCER",2007,505160,"21215",215,16346,30.9041967453811
"957","SPENCER",2008,560480,"21215",215,16845,33.2727812407242
"958","SPENCER",2009,562150,"21215",215,16707,33.6475728736458
"959","SPENCER",2010,562060,"21215",215,16582,33.895790616331
"960","SPENCER",2011,718890,"21215",215,16934,42.4524625014763
"961","SPENCER",2012,743320,"21215",215,17135,43.3802159323023
"962","SPENCER",2013,566200,"21215",215,17303,32.7226492515749
"963","SPENCER",2014,518150,"21215",215,17419,29.7462540903611
"964","TAYLOR",2006,918600,"21217",217,23971,38.3213049100997
"965","TAYLOR",2007,1129130,"21217",217,24078,46.8946756375114
"966","TAYLOR",2008,1216160,"21217",217,24256,50.1385224274406
"967","TAYLOR",2009,1296070,"21217",217,24103,53.772144546322
"968","TAYLOR",2010,1445380,"21217",217,24247,59.6106734853796
"969","TAYLOR",2011,1642060,"21217",217,24400,67.2975409836066
"970","TAYLOR",2012,1560050,"21217",217,24514,63.6391449783797
"971","TAYLOR",2013,1446980,"21217",217,24585,58.8562131380923
"972","TAYLOR",2014,1393360,"21217",217,25059,55.6031765034519
"973","TODD",2006,299000,"21219",219,12092,24.7270922924247
"974","TODD",2007,366400,"21219",219,12169,30.1092941079793
"975","TODD",2008,399500,"21219",219,12340,32.3743922204214
"976","TODD",2009,425080,"21219",219,12043,35.2968529436187
"977","TODD",2010,470300,"21219",219,12307,38.2140245388803
"978","TODD",2011,598700,"21219",219,12381,48.3563524755674
"979","TODD",2012,668900,"21219",219,12472,53.6321359846055
"980","TODD",2013,662800,"21219",219,12505,53.0027988804478
"981","TODD",2014,632240,"21219",219,12499,50.5832466597328
"982","TRIGG",2006,474400,"21221",221,13780,34.4267053701016
"983","TRIGG",2007,490490,"21221",221,14079,34.8384118190212
"984","TRIGG",2008,620050,"21221",221,14153,43.8104995407334
"985","TRIGG",2009,732200,"21221",221,13231,55.3397324465271
"986","TRIGG",2010,797403,"21221",221,14117,56.485301409648
"987","TRIGG",2011,887000,"21221",221,14224,62.359392575928
"988","TRIGG",2012,898021,"21221",221,14282,62.8778182327405
"989","TRIGG",2013,800450,"21221",221,14289,56.0186157183848
"990","TRIGG",2014,683110,"21221",221,14277,47.8468866008265
"991","TRIMBLE",2006,126100,"21223",223,8856,14.2389340560072
"992","TRIMBLE",2007,168200,"21223",223,8903,18.8925081433225
"993","TRIMBLE",2008,212100,"21223",223,8950,23.6983240223464
"994","TRIMBLE",2009,211500,"21223",223,8930,23.6842105263158
"995","TRIMBLE",2010,149600,"21223",223,8872,16.8620378719567
"996","TRIMBLE",2011,149700,"21223",223,8845,16.9248162803844
"997","TRIMBLE",2012,169590,"21223",223,8829,19.208290859667
"998","TRIMBLE",2013,190000,"21223",223,8818,21.5468360172375
"999","TRIMBLE",2014,207590,"21223",223,8816,23.5469600725953
"1000","UNION",2006,933960,"21225",225,15246,61.2593467138922
"1001","UNION",2007,899690,"21225",225,15060,59.7403718459495
"1002","UNION",2008,1057190,"21225",225,15072,70.1426486199575
"1003","UNION",2009,1167300,"21225",225,15158,77.0088402163874
"1004","UNION",2010,1334410,"21225",225,15077,88.5063341513564
"1005","UNION",2011,1479240,"21225",225,15045,98.321036889332
"1006","UNION",2012,1435790,"21225",225,14992,95.7704108858058
"1007","UNION",2013,1316170,"21225",225,15138,86.9447747390672
"1008","UNION",2014,1383920,"21225",225,15192,91.0953133228015
"1009","WARREN",2006,3525870,"21227",227,105170,33.5254350099838
"1010","WARREN",2007,4084390,"21227",227,107356,38.0452885725996
"1011","WARREN",2008,4725460,"21227",227,109803,43.0358004790397
"1012","WARREN",2009,5206940,"21227",227,104494,49.8300380883113
"1013","WARREN",2010,5905040,"21227",227,109775,53.7922113413801
"1014","WARREN",2011,6670278,"21227",227,111843,59.6396555886376
"1015","WARREN",2012,6571940,"21227",227,113787,57.7565099703833
"1016","WARREN",2013,6344370,"21227",227,115438,54.959112250732
"1017","WARREN",2014,6628710,"21227",227,117169,56.5739231366658
"1018","WASHINGTON",2006,187700,"21229",229,11456,16.3844273743017
"1019","WASHINGTON",2007,232850,"21229",229,11640,20.004295532646
"1020","WASHINGTON",2008,267600,"21229",229,11551,23.1668253830837
"1021","WASHINGTON",2009,304800,"21229",229,11365,26.8191816981962
"1022","WASHINGTON",2010,298600,"21229",229,11593,25.7569222806866
"1023","WASHINGTON",2011,309320,"21229",229,11671,26.5032987747408
"1024","WASHINGTON",2012,327920,"21229",229,11701,28.02495513204
"1025","WASHINGTON",2013,310800,"21229",229,11774,26.397146254459
"1026","WASHINGTON",2014,287120,"21229",229,11871,24.1866734057788
"1027","WAYNE",2006,1059060,"21231",231,20547,51.5432909913856
"1028","WAYNE",2007,1163500,"21231",231,20667,56.2974790729182
"1029","WAYNE",2008,1219260,"21231",231,20757,58.739702269114
"1030","WAYNE",2009,1267090,"21231",231,20575,61.5839611178615
"1031","WAYNE",2010,1282970,"21231",231,20716,61.9313574049044
"1032","WAYNE",2011,1464660,"21231",231,20807,70.3926563175854
"1033","WAYNE",2012,1529728,"21231",231,20819,73.4774965176041
"1034","WAYNE",2013,1537550,"21231",231,20797,73.9313362504207
"1035","WAYNE",2014,1657310,"21231",231,20728,79.9551331532227
"1036","WEBSTER",2006,614960,"21233",233,13875,44.3214414414414
"1037","WEBSTER",2007,673010,"21233",233,13867,48.5332083363381
"1038","WEBSTER",2008,721060,"21233",233,13646,52.8403927890957
"1039","WEBSTER",2009,786120,"21233",233,13829,56.8457589124304
"1040","WEBSTER",2010,874930,"21233",233,13734,63.7054026503568
"1041","WEBSTER",2011,1006620,"21233",233,13697,73.4920055486603
"1042","WEBSTER",2012,989120,"21233",233,13618,72.6332794830372
"1043","WEBSTER",2013,968900,"21233",233,13564,71.4317310527868
"1044","WEBSTER",2014,920800,"21233",233,13454,68.4406124572618
"1045","WHITLEY",2006,5595800,"21235",235,36149,154.798196353979
"1046","WHITLEY",2007,6190073,"21235",235,36138,171.289861088051
"1047","WHITLEY",2008,6207050,"21235",235,36163,171.640903686088
"1048","WHITLEY",2009,6687335,"21235",235,38257,174.800297984683
"1049","WHITLEY",2010,7654930,"21235",235,36006,212.601510859301
"1050","WHITLEY",2011,7732430,"21235",235,35951,215.082473366527
"1051","WHITLEY",2012,7609321,"21235",235,35756,212.812423089831
"1052","WHITLEY",2013,6590390,"21235",235,35718,184.511730779999
"1053","WHITLEY",2014,5971650,"21235",235,35557,167.945833450516
"1054","WOLFE",2006,400500,"21237",237,7256,55.1957001102536
"1055","WOLFE",2007,486990,"21237",237,7323,66.5014338385907
"1056","WOLFE",2008,583240,"21237",237,7294,79.9616122840691
"1057","WOLFE",2009,630050,"21237",237,7080,88.9901129943503
"1058","WOLFE",2010,779000,"21237",237,7315,106.493506493506
"1059","WOLFE",2011,828930,"21237",237,7333,113.041047320333
"1060","WOLFE",2012,989340,"21237",237,7298,135.56316799123
"1061","WOLFE",2013,909090,"21237",237,7299,124.549938347719
"1062","WOLFE",2014,920930,"21237",237,7273,126.623126632751
"1063","WOODFORD",2006,599000,"21239",239,24134,24.8197563603215
"1064","WOODFORD",2007,722000,"21239",239,24214,29.8174609729908
"1065","WOODFORD",2008,809530,"21239",239,24541,32.9868383521454
"1066","WOODFORD",2009,795990,"21239",239,24482,32.5132750592272
"1067","WOODFORD",2010,810360,"21239",239,24523,33.0448966276557
"1068","WOODFORD",2011,884460,"21239",239,24683,35.8327593890532
"1069","WOODFORD",2012,899520,"21239",239,24847,36.2023584336137
"1070","WOODFORD",2013,847930,"21239",239,24988,33.9334880742757
"1071","WOODFORD",2014,857120,"21239",239,25151,34.0789630630989
"1072",NA,NA,0,NA,NA,NA,NA
"1073","ROBERTSON",2006,NA,"21201",201,2309,NA
"1074","ROBERTSON",2007,NA,"21201",201,2244,NA
"1075","ROBERTSON",2008,NA,"21201",201,2272,NA
"1076","ROBERTSON",2009,NA,"21201",201,2234,NA
"1077","ROBERTSON",2010,NA,"21201",201,2278,NA
"1078","ROBERTSON",2011,NA,"21201",201,2261,NA
"1079","ROBERTSON",2012,NA,"21201",201,2251,NA
"1080","ROBERTSON",2013,NA,"21201",201,2254,NA
"1081","ROBERTSON",2014,NA,"21201",201,2239,NA
